{"accuracy": [0.6185077428817749, 0.8644711375236511, 0.9185859560966492, 0.9427697658538818, 0.9567963480949402, 0.9650615453720093, 0.9715484976768494, 0.9758161902427673, 0.9794579744338989, 0.9826588034629822], "loss": [1.301702857017517, 0.4270838499069214, 0.25144919753074646, 0.17655426263809204, 0.13170653581619263, 0.10474231094121933, 0.08553316444158554, 0.07624724507331848, 0.061744701117277145, 0.05357646569609642], "val_accuracy": [0.8612565398216248, 0.9227179884910583, 0.9304006099700928, 0.9495219588279724, 0.9556680917739868, 0.9619280695915222, 0.9566355347633362, 0.9640905857086182, 0.9613589644432068, 0.9552697539329529], "val_loss": [0.43649595975875854, 0.24509459733963013, 0.21088868379592896, 0.15674643218517303, 0.13949799537658691, 0.12020803987979889, 0.14230193197727203, 0.11668143421411514, 0.13144411146640778, 0.16308008134365082]}